experiment_id,task,dataset,seed,split_summary,window_size,horizon,model_summary,features_summary,scaler,optimizer,lr,epochs_trained,best_val_mae,best_val_rmse,best_val_mape,test_mae,test_rmse,test_mape,notes
B1,forecasting,S12-hw,42,70/15/15,,1,naive_last,lag_1,,,,,6.461261829652997,8.241294154290298,4.408359083971214,6.378422712933754,8.110082228556207,4.171917419907576,
B2,forecasting,S12-hw,42,70/15/15,24.0,1,moving_average,rolling_mean_24,,,,,13.437365117521367,16.227565766933505,9.228934751170668,13.16644297542735,16.150966934647208,8.767827015764643,window=24
B3,forecasting,S12-hw,42,70/15/15,,1,Ridge,lags+rolling+calendar,StandardScaler,,,,6.3808425416654275,7.91809974902129,4.2939262533793325,6.320925597650559,8.034431312797363,4.071947861071265,
R1,forecasting,S12-hw,42,70/15/15,24.0,1,"GRU (2 layers, 64 hidden)",target only,StandardScaler,Adam,0.001,100.0,6.159733772277832,7.885978917209075,4.109500885009766,7.675646781921387,9.604718526899006,4.891326427459717,
