{
    "ds1": {
        "KMeans": {
            "sil": 0.5114804427264404,
            "db": 0.6352962903759245,
            "ch": 281.41652292154595
        },
        "DBSCAN": {
            "sil": 0.5226430639429984,
            "db": 0.8252406630507964,
            "ch": 298.47459293586996,
            "noise_ratio": 0.016666666666666666
        }
    },
    "ds2": {
        "KMeans": {
            "sil": 0.4888750959246202,
            "db": 0.5546312365393383,
            "ch": 381.3817728526288
        },
        "Agglomerative": {
            "sil": 0.4449488444508382,
            "db": 0.9238028048568697,
            "ch": 163.23690835640565,
            "noise_ratio": 0.0
        }
    },
    "ds4": {
        "KMeans": {
            "sil": 0.571944175728017,
            "db": 0.6843479379289694,
            "ch": 413.11206047479317
        },
        "DBSCAN": {
            "sil": 0.563503222902817,
            "db": 0.6911143792273692,
            "ch": 361.93806124342944,
            "noise_ratio": 0.3333333333333333
        }
    }
}