{"ds1": {"silhouette": 0.5216395622404242, "davies_bouldin": 0.6853295219054459, "calinski_harabasz": 11786.95462267153}, "ds2": {"silhouette": 0.3068610017701601, "davies_bouldin": 1.3234721699867644, "calinski_harabasz": 3573.3933329348392}, "ds4": {"silhouette": 0.44736887827969146, "davies_bouldin": 0.975904265483746, "calinski_harabasz": 5087.688517434967}}