experiment_id,dataset,seed,model_summary,optimizer,lr,momentum,weight_decay,epochs_trained,best_val_accuracy,best_val_loss
E1,KMNIST,42,"256-128, ReLU",Adam,0.001,,0.0,20,0.8334219858156028,0.5302659582584462
E2,KMNIST,42,"256-128, ReLU, Dropout0.3",Adam,0.001,,0.0,20,0.8217198581560283,0.5382238914780583
E3,KMNIST,42,"256-128, ReLU, BN",Adam,0.001,,0.0,20,0.8527039007092199,0.44753571131550673
E4,KMNIST,42,"256-128, ReLU, BN",Adam,0.001,,0.0,14,0.8519503546099291,0.44941926856412956
O1,KMNIST,42,"256-128, ReLU, BN",Adam,0.1,,0.0,8,0.8002216312056738,0.6271225377177516
O2,KMNIST,42,"256-128, ReLU, BN",Adam,1e-05,,0.0,8,0.7122783687943263,1.2486134924787156
O3,KMNIST,42,"256-128, ReLU, BN",SGD,0.01,0.9,0.0001,12,0.8509308510638298,0.4443805088810887
